Guide,free_energy
GTGACGTTCGTTCAGTTTCC,0.0
CAGTTTCCAGGATTTCTCAA,0.0
AGTTTCCAGGATTTCTCAAC,0.0
GTTCGTCCAGCACATTCCAC,0.0
TTCGTCCAGCACATTCCACA,0.0
CCAGCACATTCCACAGGGTA,0.0
CAGATCCACGTCGTACCAAC,0.0
CGTCGTACCAACCGGTGAAA,-2.7
GCATTGCTGTTGCTTCGTCG,-1.9
TATCATTAAAAGATGATTTG,-2.9
TGATTTGAGGAGTAAGTATA,0.0
GTATATGGCTGTAACTAAGC,-1.0
GGCTGTAACTAAGCTGGTTC,-3.3
AAGCTGGTTCTGGTTCGTCA,-0.3
TTCGTCATGGCGAAAGTCAG,-3.1
AACAAAGAAAACCGTTTCAC,-0.4
AAGAAAACCGTTTCACCGGT,-3.3
TTTCACCGGTTGGTACGACG,-1.7
GACGTGGATCTGTCTGAGAA,-2.1
GTAAGCGAAGCAAAAGCAGC,-0.8
AGCAGGTAAGCTGCTGAAAG,-6.4
GGTAAGCTGCTGAAAGAGGA,0.0
AACGCGCTATCCATACCCTG,0.0
CCATACCCTGTGGAATGTGC,-3.0
GTGGAATGTGCTGGACGAAC,0.0
TGTGCTGGACGAACTGGATC,-0.6
TGGACGAACTGGATCAGGCA,-0.4
GGCTGCCCGTTGAGAAATCC,-0.1
AAACTGAACGAACGTCACTA,0.0
ACGTCACTACGGTGCGTTGC,-5.3
CGTCACTACGGTGCGTTGCA,-4.1
TTCGTATTCCACGGTGGTTC,-0.8
TGGTTCCGGTTCTACTGCTC,-0.5
ATCAAAGACTCCGTAAGCTA,0.0
ACATCGATACCGATACCCAA,-2.1
CATCGATACCGATACCCAAT,-2.1
CCGATACCCAATGGGCAACC,-2.3
CGATACCCAATGGGCAACCT,-2.3
ACCCAATGGGCAACCTGGGA,-6.7
AGCGAACGAAGCTTATCTGC,-1.4
GCGAACGAAGCTTATCTGCA,-1.6
AGCTTATCTGCAGGGTCAGC,-2.9
GCTTATCTGCAGGGTCAGCT,-3.9
GGTCAGCTGGGTAACCCGAA,-3.1
AATACTACGATCCGCGCGTA,-0.8
CCGCGCGTATGGCTGCGTGC,-8.2
GACTTCGATGATCGCTCGTC,-2.6
TCGTCTGGAGAAAGCATTCC,-0.7
ATTCCTTTCTGCTTATCTCA,0.0
TTATCTCAAGGCCCGCTCTG,0.0
TATCTCAAGGCCCGCTCTGC,0.0
CCTGATGCGCTACGCTTATC,-1.6
CCTGATAAGCGTAGCGCATC,-1.9
GCATCAGGCAATTTTGCTTT,-3.2
CGAAAAAAAGACCCGCAGAG,0.0
GAAAAAAAGACCCGCAGAGC,0.0
GGGCCTTGAGATAAGCAGAA,0.0
CGTCGATCGCGTTCAGTTCC,0.0
AGCGATCATCGAAGTCTGAC,-0.2
CCGGCACGCAGCCATACGCG,-4.0
GGATCGTAGTATTTCTTGTT,0.0
TTCGGCTGATCTTCGCCTTT,-4.0
TCGGCTGATCTTCGCCTTTC,-4.0
GTAGTTCAGAACGCCTTCCC,0.0
CGCCTTCCCAGGTTGCCCAT,-2.5
GCCTTCCCAGGTTGCCCATT,-2.0
CCAGGTTGCCCATTGGGTAT,-5.0
TTTTACTACGCCGTAGCTTA,-1.3
GATTTCCTGAGCAGTAGAAC,0.0
CAGTAGAACCGGAACCACCG,-1.4
TTTATCAGTGGTGAAAGTAA,-1.0
GTTACCGCCTTCCAGTTTCA,0.0
CGCCTTCCAGTTTCATGGTG,-2.6
AGTTTCATGGTGCGGATTTC,0.0
GGTGCGGATTTCCGGACCTT,-9.7
CCGGACCTTTGGTATCAAGC,-0.7
TTTGGTATCAAGCAGGATAG,-1.1
GGTATCAAGCAGGATAGCGG,-3.9
AGCTAACATCTCTTCAGATT,-0.2
ATCTCTTCAGATTCGGTTTT,0.0
AGATTCGGTTTTCGGTCCGA,-3.9
TCCGATGGTGCAAACAATTT,0.0
TCTTAGTCTTTAAGTTGAGA,-1.8
AGTCTTTAAGTTGAGAAGGA,-1.6
GTCTTTAAGTTGAGAAGGAT,-1.9
GATGGGAGAAACTTGCTTTC,-0.7
ATGGGAGAAACTTGCTTTCT,-1.9
TTGCTTTCTGGGCGCACTGC,-1.7
GCACTGCCGGAAAGCGAATC,-0.9
CGAATCCGGTATTACGAAAG,-1.0
ATCCGGTATTACGAAAGTGG,-1.0
CACCACCACTTTCGTAATAC,0.0
GTAATACCGGATTCGCTTTC,0.0
ACCAAAATTGTTTGCACCAT,0.0
AGAGATGTTAGCTAAAATGC,-0.3
TTAGCTAAAATGCTGGACGC,-4.0
ATGCGTCTGAACTTCTCTCA,0.0
CATGGTGACTATGCAGAACA,-1.3
CGCAACGTGATGAGCAAAAC,0.0
GCTATCCTGCTTGATACCAA,-1.3
CCTGCTTGATACCAAAGGTC,-1.2
GGAAATCCGCACCATGAAAC,-0.9
ATCCGCACCATGAAACTGGA,-1.4
CGCACCATGAAACTGGAAGG,-1.4
AACGACGTTTCTCTGAAAGC,0.0
CATGTACGTGTAAATTCTGC,0.0
ATGTACGTGTAAATTCTGCC,0.0
ATTCTGCCGGGTCCAGTCTT,0.0
TTTGGCTTCTACAGTAGCGA,-2.5
TTGGCTTCTACAGTAGCGAC,-2.5
TGGCTTCTACAGTAGCGACG,-2.5
CATCCGCCAACAGTGAAACC,-0.7
CAGTGAAACCAGGTGTTCGC,-2.2
TCGCCGGTCGCGCCACCCGC,-3.4
CGCCGGTCGCGCCACCCGCC,-4.2
ACCCGCCGGGAAGATCGCTG,-2.3
CTGTGGCACTGCCTCCAAGA,-2.5
TGTGGCACTGCCTCCAAGAT,-2.5
ACTGCCTCCAAGATGGGCAA,-5.4
CTCCAAGATGGGCAATGGCG,-1.8
TCCAAGATGGGCAATGGCGC,-1.8
GACGTTGATGCCGCCGCCCC,0.0
ACGTTGATGCCGCCGCCCCC,0.0
CCGCCCCCGGGTTCGAACAC,-2.1
CCCGGGTTCGAACACCGGTG,-6.3
GGTACAGCGCAGTTTTCCTT,0.0
GTACAGCGCAGTTTTCCTTC,0.0
TTTCCTTCGGGATAAATTTG,-2.3
TTCCTTCGGGATAAATTTGC,-2.3
TCCTTCGGGATAAATTTGCG,-2.1
AATTGTTGCGCTATCGAGAG,0.0
ATTGTTGCGCTATCGAGAGA,0.0
GTACCATCATTTCCTCCTAT,0.0
CCTATAGGCTGATTTCAGTC,-4.3
TCAGTCTGGCACCGAATCAG,0.0
AAATTAACAATATGATTTAT,-0.3
TTCTTCACTTTCCGCTGATT,0.0
CCAGACTGAAATCAGCCTAT,-2.0
GACTGAAATCAGCCTATAGG,-1.2
CAGCCTATAGGAGGAAATGA,-1.5
ACCCCGCAAATTTATCCCGA,0.0
AAAACTGCGCTGTACCGCAC,-3.4
ACCGCACCGGTGTTCGAACC,-2.7
CCGCACCGGTGTTCGAACCC,-2.7
CGCACCGGTGTTCGAACCCG,-2.7
GCACCGGTGTTCGAACCCGG,-5.8
CCGGTGTTCGAACCCGGGGG,-6.6
GTGTTCGAACCCGGGGGCGG,-5.2
GCCCGCGCCATTGCCCATCT,-0.6
CGCGCCATTGCCCATCTTGG,-0.6
CAGTGCCACAGCGATCTTCC,-0.5
TGCCACAGCGATCTTCCCGG,-0.5
GCCACAGCGATCTTCCCGGC,-1.3
ACAGCGATCTTCCCGGCGGG,-1.3
TTCCCGGCGGGTGGCGCGAC,-3.9
TGGCGCGACCGGCGAACACC,-3.8
CGAACACCTGGTTTCACTGT,-0.2
ACACCTGGTTTCACTGTTGG,0.0
CTACTGTAGAAGCCAAAGAC,0.0
TAGAAGCCAAAGACTGGACC,-1.5
GCAGAATTTACACGTACATG,0.0
GGAATTTATCCCCAATATTG,-1.1
GAAAACTTTGCCTTCTTTAA,0.0
AACTTTGCCTTCTTTAAAGG,-1.0
CTTCTTTAAAGGTGGATACA,-0.2
AAAGGTGGATACACGGATTT,-2.8
AAGGTGGATACACGGATTTT,-2.8
ATACACGGATTTTGGGCCCC,-0.2
CACGGATTTTGGGCCCCTGG,-0.6
CACATGACGCCCCAGTTTTG,-1.4
GCGCGCATTTTGTGATCTTC,-1.4
AAAGTTCATACGTACAACGT,-0.6
TTATTATCGCGATCTGTTGC,-0.9
TATTATCGCGATCTGTTGCT,-2.0
ATCTGTTGCTGGGCCTAACG,0.0
TTTTGTTCTGCGAAGCCTTC,-0.8
CTCCGTTGACTGAAACAACC,-1.4
CGAATGAAATAACGCCGCGA,0.0
GGCGATAAATTAATCTCATT,-0.1
AGATTAATTTATCGCCATCG,-0.4
CATCGCGGCGTTATTTCATT,0.0
TTTCATGTTCAAGCAACACC,0.0
CACCTGGTTGTTTCAGTCAA,-2.0
CGGAGTATTACATGTCCAGA,-1.8
ACAAAAATCGTTACCACGTT,0.0
TAATCTTGAAAAAGTTATCG,0.0
TCTTGAAAAAGTTATCGCGG,0.0
CTTGAAAAAGTTATCGCGGC,0.0
GTACGTATGAACTTTTCTCA,0.0
TGAAGATCACAAAATGCGCG,0.0
TCGTGAGATTGCCGCAAAAC,-0.9
CGTGAGATTGCCGCAAAACT,-0.9
GTGAGATTGCCGCAAAACTG,-1.1
CGCAAAACTGGGGCGTCATG,-1.4
GGGGCGTCATGTGGCTATTC,-3.0
GGGCGTCATGTGGCTATTCT,-3.0
GGCTATTCTGGGTGACCTCC,-1.4
GCTATTCTGGGTGACCTCCA,-1.4
CTATTCTGGGTGACCTCCAG,-3.7
CGTGTATCCACCTTTAAAGA,-0.8
GGCAAAGTTTTCCTCAATAT,0.0
GCAAAGTTTTCCTCAATATT,0.0
CAAAGTTTTCCTCAATATTG,0.0
TTTCAACGTCCAGACGAGTC,-0.3
TCAGGTCCTGATACACGATG,-1.3
GTCCTGATACACGATGCGGC,0.0
ACACGATGCGGCCGGCACCC,-2.3
GGCCGGCACCCAGGTTAACG,-3.3
CAGGTTAACGTGGCCTACTT,-3.8
CTTCGGAGTTACCCATCTGA,-3.7
GAGTTACCCATCTGACGGTC,-1.1
AGGCAGACCGACTTCCAGAC,-1.1
CCAGACCGGAAGCGTCGATT,-2.2
CAGACCGGAAGCGTCGATTA,-2.2
GAAGCGTCGATTAGGGTATG,0.0
GATTAGGGTATGCGGACGAT,0.0
GCCCACAGTGCATCCATTAC,0.0
CCCACAGTGCATCCATTACC,0.0
CCACAGTGCATCCATTACCG,0.0
CGGGGTTTTAGCACTAAAAA,0.0
TCCAGAATCACCAGTACCAT,0.0
TCAAAATATACGACCGCTCG,0.0
TCGTATATTTTGATCTTCAG,0.0
AATTTTGACTCTTGAGTATG,0.0
GTATGAGGTTGTCGCAATGT,0.0
GTTGGTTTCTAAAAAACCTA,-3.0
TTCTAAAAAACCTATGGTAC,-0.6
ACCTATGGTACTGGTGATTC,-1.4
ATGGTACTGGTGATTCTGGA,-0.9
CTGGTGATTCTGGATGGCTA,-2.4
TGGCTATCGCGAAGAACAGC,-0.9
CATTTTTAGTGCTAAAACCC,0.0
TAGTGCTAAAACCCCGGTAA,-0.7
CCCCGGTAATGGATGCACTG,-1.6
CCCGGTAATGGATGCACTGT,-1.6
CATACCCTAATCGACGCTTC,0.0
CCTAATCGACGCTTCCGGTC,-1.3
GACGCTTCCGGTCTGGAAGT,-6.8
CGGTCTGCCTGACCGTCAGA,-7.3
GGTCTGCCTGACCGTCAGAT,-6.0
CAGATGGGTAACTCCGAAGT,-1.0
CGAAGTAGGCCACGTTAACC,0.0
GAAGTAGGCCACGTTAACCT,0.0
GGCCACGTTAACCTGGGTGC,-1.9
TGCCGGCCGCATCGTGTATC,-1.4
GTATCAGGACCTGACTCGTC,-2.0
TCGCGCTTTCTTTGCTAATC,-0.9
CGTCGATACCACGTTTTTTC,0.0
TTTCAGGTTTTCGATAGCCA,-3.4
GGTTTTCGATAGCCACGGCG,-3.6
CGGCGCGGATGTTCTCGTCG,-5.2
ATGTTCTCGTCGCGGAATTC,-1.5
TGTTCTCGTCGCGGAATTCC,-1.5
CCGGGAAACGCGCAGAACCG,-1.7
AACCGAGGAACGTACCGCCA,-0.4
TCATGTCAGACACGCTGTAA,-0.5
AACGGTCTAGCTGTACCATA,-2.8
ACGAACAACCCCGCGAATTG,0.0
CGAATTGCGGCGTTCATGCC,-3.1
TCATGACTACCTCTGAACTT,0.0
TGCAAAATGAAATCTGTTGC,-0.1
TATACTATTTGCACATTCGT,0.0
TCGATGTGCAAGAAGACTTC,-0.1
TTTTGCATTCCAAAGTTCAG,0.0
GTAGTCATGATTAAGAAAAT,0.0
AAAATCGGTGTGTTGACAAG,-0.5
ATCGGTGTGTTGACAAGCGG,-2.2
ACAAGCGGCGGTGATGCGCC,-6.2
GGCATGAACGCCGCAATTCG,-4.5
GCATGAACGCCGCAATTCGC,-0.3
CATGAACGCCGCAATTCGCG,-1.9
GTTCGTTCTGCGCTGACAGA,-2.0
TTCTGCGCTGACAGAAGGTC,-3.5
GACAGAAGGTCTGGAAGTAA,-2.3
ACAGAAGGTCTGGAAGTAAT,-2.3
GAAGTAATGGGTATTTATGA,0.0
GGGTATTTATGACGGCTATC,0.0
GGTATTTATGACGGCTATCT,0.0
GGGTCTGTATGAAGACCGTA,-7.7
GTGTCTGACATGATCAACCG,-0.5
TCTGACATGATCAACCGTGG,-2.6
AACCGTGGCGGTACGTTCCT,-3.0
CCTCGGTTCTGCGCGTTTCC,-0.2
CGACGAGAACATCCGCGCCG,-0.8
ATCGAAAACCTGAAAAAACG,0.0
AAAACGTGGTATCGACGCGC,-3.9
ACGTGGTATCGACGCGCTGG,-3.9
CAGCGAAAACCCGATTGATC,-1.0
TCAGTTAGCTAACTGCTATA,-3.5
CAGTTAGCTAACTGCTATAT,-3.5
TAGCTAACTGCTATATGGGT,-3.3
AGCTAACTGCTATATGGGTC,-2.1
AACTGCTATATGGGTCGGGC,-1.7
ACTGCTATATGGGTCGGGCT,-1.7
CGGGCTGGGTTGATAAACTC,-2.6
GCTGGGTTGATAAACTCCGG,-5.5
GATAAACTCCGGCGGTGCTG,-1.8
ATAAACTCCGGCGGTGCTGC,-2.2
AACTCCGGCGGTGCTGCGGG,-5.1
CAGCGATGCAGTGCGTACTG,-3.1
GCGGTTATCAACAAACGCGC,-3.3
GTTATCAACAAACGCGCAGG,0.0
CAACAAACGCGCAGGCGGAA,-4.2
AACAAACGCGCAGGCGGAAT,-4.2
ACAAACGCGCAGGCGGAATG,-4.2
GGCGGAATGGGGCTGATTCT,-2.6
TAAAGCGTTCAAGAAATCGA,0.0
TTCAAGAAATCGATGGCTGA,0.0
GAAACTGATTAACGCCGTGC,0.0
TACGAACAACACCACCCCGT,0.0
AACAACACCACCCCGTAGGA,-0.4
ACCACCCCGTAGGACGGATA,-3.5
TAAGGCGTTTACGCTGCATC,-3.4
AGACGCTTCAGCGTCGCATC,-7.2
TTCAGCGTCGCATCAGGCAT,-2.4
TCGCATCAGGCATAGGTTGC,-1.0
TAAACGCCTTATCCGTCCTA,0.0
AAACGCCTTATCCGTCCTAC,0.0
AACGCCTTATCCGTCCTACG,0.0
GCCTTATCCGTCCTACGGGG,-3.6
GGGGTGGTGTTGTTCGTATA,0.0
TTGTTCGTATAAGGCGTATC,-0.5
ATCGAGATAAACGTCCTGCA,0.0
CAGTACGCACTGCATCGCTG,-1.5
TTCACCGCCCGCAGCACCGC,-0.2
TGATAACGCACCAGATCAAT,0.0
GATAACGCACCAGATCAATC,0.0
CAGATCAATCGGGTTTTCGC,-0.6
TTTGCTGTAAACACGATCGT,0.0
